,Unnamed: 0,expt_n,environment,environment_info,data_file,model_file,version_prefix,test_info,test_cases,test_rounds,results_folder,test_file,train_sample_rate,test_sample_rate,RF_Pr,RF_Rc,RF_F1,RF_F05,RF_Pr_sd,RF_Rc_sd,RF_F1_sd,RF_F05_sd,A2C_Pr,A2C_Rc,A2C_F1,A2C_F05,A2C_Pr_sd,A2C_Rc_sd,A2C_F1_sd,A2C_F05_sd,DQN_Pr,DQN_Rc,DQN_F1,DQN_F05,DQN_Pr_sd,DQN_Rc_sd,DQN_F1_sd,DQN_F05_sd,PPO_Pr,PPO_Rc,PPO_F1,PPO_F05,PPO_Pr_sd,PPO_Rc_sd,PPO_F1_sd,PPO_F05_sd,model_file_tested
0,0,0,SS,Simulated Dasic 2006 - simple (NT) state - NBD,data\Simulated_Dasic_2006_Tool_Wear_Model_Train.csv,models/RF_Model_Dasic_NoNBD.mdl,Dasic_SS_NT,Separate test set.,40,10,results/Fbeta,data\Simulated_Dasic_2006_Tool_Wear_Model_Test.csv,1,2,1.0,0.65,0.7874331550802139,0.9023477812177504,0.0,0.0333333333333333,0.0245165550038951,0.0129118356250384,0.6079831440701006,0.67,0.6342679214880853,0.6174455461524426,0.053420013158005,0.100554020859989,0.065461380380572,0.0542467184036417,0.5066838093153883,0.98,0.6678745373076174,0.5608137018020739,0.0141289113503107,0.0258198889747161,0.015604302703411,0.0145806746290893,0.3,0.055,0.0915881220229046,0.1543786075036075,0.2158817691969494,0.036893239368631,0.060955603790488,0.1032458659370016,models/RF_Model_Dasic_NoNBD.mdl
1,1,1,SS,Simulated Dasic 2006 - simple (NT) state - LBD,data\Simulated_Dasic_2006_Tool_Wear_Model_Train.csv,models/RF_Model_Dasic_LowNBD.mdl,Dasic_SS_NT,Separate test set.,40,10,results/Fbeta,data\Simulated_Dasic_2006_Tool_Wear_Model_Test.csv,1,2,0.9342725390551476,0.965,0.948740221774822,0.9398608567358566,0.0483192218374515,0.0337474278855276,0.0331047634389478,0.0413083856511381,0.6673932813832195,0.495,0.563165256855959,0.6195424431734416,0.0852971276666631,0.1279105590289993,0.1023886130489079,0.0877567512959829,0.1778881987577639,0.21,0.1924978657820404,0.1834343817102437,0.0136927302375712,0.0210818510677892,0.0161762619823234,0.0144353334159568,0.25,0.03,0.0533596837944663,0.1004464285714285,0.3263150034575203,0.034960294939005,0.062834938548935,0.1210078568994835,models/RF_Model_Dasic_LowNBD.mdl
2,2,2,SS,Simulated Dasic 2006 - simple (NT) state - HBD,data\Simulated_Dasic_2006_Tool_Wear_Model_Train.csv,models/RF_Model_Dasic_HighNBD.mdl,Dasic_SS_NT,Separate test set.,40,10,results/Fbeta,data\Simulated_Dasic_2006_Tool_Wear_Model_Test.csv,1,2,0.908363448146057,0.975,0.9400557761391568,0.9206817256817256,0.0417195887922031,0.0263523138347365,0.0280587059488756,0.0357187681063651,0.4175748487800917,0.375,0.3917014978344811,0.4058242143171137,0.1386770627644186,0.1438556375136006,0.1367773157428019,0.1364885223520036,0.35,0.025,0.0463203463203463,0.0952380952380952,0.4743416490252569,0.0353553390593273,0.0649847493103655,0.1314624505831543,0.2944444444444444,0.0849999999999999,0.1307996856272718,0.1948502886002885,0.2036937398786296,0.052967495273569,0.0827281662678073,0.1268007102346268,models/RF_Model_Dasic_HighNBD.mdl
3,3,3,SS,PHM C01 simple (NT) NBD,data\PHM_Tool_Wear_Data_C01_0p12.csv,models/RF_Model_PHM_C01_SS_NoNBD.mdl,PHM_C01_SS_NT,Separate test set.,40,10,results/Fbeta,,100,70,0.9136363636363636,0.97,0.9401452206330256,0.9238760560958836,0.063936933527374,0.0421637021355783,0.0464938627336772,0.0562785044050736,0.0,0.0,0.0,0.0,0.0,0.0,0.0,0.0,0.4833333333333333,0.03,0.0558817993600602,0.1168154761904761,0.4743416490252569,0.0258198889747161,0.0481655981704172,0.1019010271113183,0.4875,0.1,0.1577060041407867,0.2507211538461538,0.2803560897092072,0.0623609564462323,0.088795104175527,0.127489709753298,models/RF_Model_PHM_C01_SS_NoNBD.mdl
4,4,4,SS,PHM C01 simple (NT) LBD,data\PHM_Tool_Wear_Data_C01_0p12.csv,models/RF_Model_PHM_C01_SS_LowNBD.mdl,PHM_C01_SS_NT,Separate test set.,40,10,results/Fbeta,,100,70,0.9162990810359232,0.915,0.914804647641618,0.9154898272017838,0.0459407046866354,0.052967495273569,0.0397678564361761,0.0408775538122265,0.4921224630202959,0.42,0.451615985563354,0.4745406937478549,0.0975498522021724,0.100554020859989,0.0986244483265613,0.0977114580291433,0.0833333333333333,0.01,0.0177865612648221,0.0334821428571428,0.1800205749557739,0.0210818510677892,0.0375089350342207,0.0707823571072933,0.4762598765669502,0.49,0.4810176582529329,0.477653460669765,0.082413885029408,0.0994428926011753,0.0863654123731615,0.0827375332625807,models/RF_Model_PHM_C01_SS_LowNBD.mdl
5,5,5,SS,PHM C01 simple (NT) HBD,data\PHM_Tool_Wear_Data_C01_0p12.csv,models/RF_Model_PHM_C01_SS_HighNBD.mdl,PHM_C01_SS_NT,Separate test set.,40,10,results/Fbeta,,100,70,0.7246116801184267,0.955,0.8230119756312051,0.7608403258664169,0.0778727378357501,0.0643341968853959,0.0690623465470393,0.0745639335289008,0.4853655752572161,0.5,0.4911593344263433,0.4873371858651094,0.0675122020487574,0.0881917103688196,0.0727140800417009,0.0682573379906255,0.2,0.01,0.019047619047619,0.0416666666666666,0.4216370213557839,0.0210818510677892,0.0401559067957889,0.0878410461157883,0.2952380952380952,0.055,0.0912970282535499,0.1532738095238095,0.2191396172117119,0.0437797517885456,0.0709593542573782,0.1157926943108481,models/RF_Model_PHM_C01_SS_HighNBD.mdl
6,6,6,SS,PHM C04 simple (NT) NBD,data\PHM_Tool_Wear_Data_C04_0p098.csv,models/RF_Model_PHM_C04_SS_NoNBD.mdl,PHM_C04_SS_NT,Separate test set.,40,10,results/Fbeta,,100,70,0.8743919741809767,0.945,0.9061216641279032,0.8862927589651728,0.0474848753981657,0.0643341968853959,0.03195523450417,0.0356523877640496,0.5145229674977958,0.54,0.5263775362470768,0.5190727057106367,0.1228117520751321,0.1349897115421106,0.127964721803103,0.124670397715013,0.5077597840755735,0.995,0.6723358659653224,0.5628670425182053,0.0091155574130271,0.0158113883008419,0.0097176812881282,0.0093168858978001,0.175,0.03,0.0507575757575757,0.0873015873015872,0.2898754521821014,0.053748384988657,0.089925231671054,0.1514535823964798,models/RF_Model_PHM_C04_SS_NoNBD.mdl
7,7,7,SS,PHM C04 simple (NT) LBD,data\PHM_Tool_Wear_Data_C04_0p098.csv,models/RF_Model_PHM_C04_SS_LowNBD.mdl,PHM_C04_SS_NT,Separate test set.,40,10,results/Fbeta,,100,70,0.698050155669733,1.0,0.8218414174180311,0.7427558144469908,0.0302512024916929,0.0,0.021026591931652,0.0274268903383994,0.5313994053761856,0.54,0.5334664909119338,0.5317237328790927,0.0578473330616085,0.1149879220710689,0.081254852458397,0.0656159126325306,0.4987179487179487,0.97,0.6586986167932982,0.5523769673478975,0.0094598049663156,0.0258198889747161,0.0131188439824634,0.0105219452728235,0.2349999999999999,0.05,0.0814972129319955,0.1323547979797979,0.2740246451924343,0.0623609564462323,0.0995479273305499,0.1574189451885642,models/RF_Model_PHM_C04_SS_LowNBD.mdl
8,8,8,SS,PHM C04 simple (NT) HBD,data\PHM_Tool_Wear_Data_C04_0p098.csv,models/RF_Model_PHM_C04_SS_HighNBD.mdl,PHM_C04_SS_NT,Separate test set.,40,10,results/Fbeta,,100,70,0.7368362869015043,0.8400000000000001,0.783523041280076,0.754517500225231,0.0520040055440964,0.0516397779494322,0.0360283145547463,0.0438838212476301,0.4930980212597859,0.4549999999999999,0.4702519835792705,0.4829876493305665,0.06777355811954,0.1091634859587521,0.079078140055463,0.0693522644933127,0.3666666666666666,0.035,0.0625258799171842,0.1197916666666666,0.4288946459026396,0.0411636301174282,0.0723407546359514,0.1345906072452382,0.4799062049062049,0.325,0.3838900491451528,0.4346200352150429,0.1066052542660803,0.0824957911384305,0.0829568970922643,0.0904686180905297,models/RF_Model_PHM_C04_SS_HighNBD.mdl
9,9,9,SS,PHM C06 simple (NT) NBD,data\PHM_Tool_Wear_Data_C06_0p13.csv,models/RF_Model_PHM_C06_SS_NoNBD.mdl,PHM_C06_SS_NT,Separate test set.,40,10,results/Fbeta,,100,70,0.9916666666666666,0.615,0.7589015151515152,0.8831699346405228,0.0263523138347365,0.0337474278855276,0.0313636211145232,0.0280249797542221,0.4196896039117401,0.345,0.3775764785981504,0.4014093719971866,0.0943228844857761,0.0926462807312486,0.0913666952970674,0.0922320596182362,0.5012820512820513,0.98,0.6632573543736606,0.5555482147051914,0.0112255773816783,0.0258198889747161,0.0151243712718937,0.0124517523605667,0.5095944549092974,0.645,0.5686596775640081,0.5315656591474187,0.0664038421579565,0.1165475582469805,0.0856267909422455,0.073057729548842,models/RF_Model_PHM_C06_SS_NoNBD.mdl
10,10,10,SS,PHM C06 simple (NT) LBD,data\PHM_Tool_Wear_Data_C06_0p13.csv,models/RF_Model_PHM_C06_SS_LowNBD.mdl,PHM_C06_SS_NT,Separate test set.,40,10,results/Fbeta,,100,70,0.9697630718954248,0.82,0.8877682946103999,0.934949651797478,0.0319979360626621,0.0674948557710553,0.0499145604111256,0.038093716549654,0.544281045751634,0.58,0.5586101789656538,0.5492444626334712,0.0917453759982049,0.1437590576856521,0.1109052039319383,0.0976513631781475,0.2833333333333333,0.025,0.0454921889704498,0.0900297619047618,0.4161107402460889,0.0353553390593273,0.0643416686602805,0.1274545825433517,0.4927891500820562,0.5349999999999999,0.5080581883399207,0.4973009864435422,0.0673892418252963,0.1564360004034308,0.1133276563801352,0.0865841795974724,models/RF_Model_PHM_C06_SS_LowNBD.mdl
11,11,11,SS,PHM C06 simple (NT) HBD,data\PHM_Tool_Wear_Data_C06_0p13.csv,models/RF_Model_PHM_C06_SS_HighNBD.mdl,PHM_C06_SS_NT,Separate test set.,40,10,results/Fbeta,,100,70,0.6665653730305275,0.905,0.7664670719437658,0.7030337920236521,0.04010642132408,0.0761941963377497,0.0452650572839268,0.0403457759011588,0.4278632478632478,0.205,0.2744501475535957,0.3478646353646353,0.1415884263970406,0.0864420165325995,0.1043575047537751,0.1217202570056282,0.5066145092460882,0.99,0.6701149425287356,0.5613925802879292,0.0112058480419852,0.0210818510677892,0.0109044057247185,0.0110731556614178,0.4694399460188934,0.3399999999999999,0.3908861906039325,0.4331820038621509,0.0932757255547775,0.1197218999737864,0.1071770165006928,0.0976909941179766,models/RF_Model_PHM_C06_SS_HighNBD.mdl
12,12,12,MS,PHM C01 complex multi-variate state NBD,data\PHM_Tool_Wear_Data_C01_0p12.csv,models/RF_Model_PHM_C01_MS_NoNBD.mdl,PHM_C01_MS,Separate test set.,40,10,results/Fbeta,,100,70,0.7743645510350315,0.82,0.7930272562517241,0.7809977571015801,0.0452754682097549,0.0856348838577675,0.0338577475414254,0.032858436044638,0.5138459383753501,0.5850000000000001,0.5446230801320938,0.5251892999473644,0.0511187060773479,0.0973253421377095,0.0638286853403427,0.0533054059526305,0.25,0.025,0.0447016751364577,0.0855654761904761,0.3621779114001471,0.0353553390593273,0.0625029273619183,0.1174480207594402,0.5192123468207059,0.55,0.5319032908827517,0.5237093292902888,0.0727571826013824,0.1224744871391589,0.0903464117606589,0.0778039051744792,models/RF_Model_PHM_C01_MS_NoNBD.mdl
13,13,13,MS,PHM C04 complex multi-variate state NBD,data\PHM_Tool_Wear_Data_C04_0p098.csv,models/RF_Model_PHM_C04_MS_NoNBD.mdl,PHM_C04_MS,Separate test set.,40,10,results/Fbeta,,100,70,0.7475327299979002,0.645,0.6857312750124047,0.7190483932331759,0.0931886024652758,0.1234908903522847,0.0932082313546062,0.0833135404461533,0.5361269841269841,0.65,0.5857441168657636,0.5545673720192282,0.0516063303801118,0.0849836585598797,0.0563004367981442,0.0510472524718367,0.5,0.045,0.0814982119329945,0.159970238095238,0.5270462766947299,0.0550252467307305,0.0976897791892829,0.1843093378322343,0.4883242679849082,0.5549999999999999,0.5167224566251938,0.4987046029982875,0.0684790940370923,0.1165475582469805,0.0833659543434631,0.0722318359567168,models/RF_Model_PHM_C04_MS_NoNBD.mdl
14,14,14,MS,PHM C06 complex multi-variate state NBD,data\PHM_Tool_Wear_Data_C06_0p13.csv,models/RF_Model_PHM_C06_MS_NoNBD.mdl,PHM_C06_MS,Separate test set.,40,10,results/Fbeta,,100,70,1.0,0.525,0.6879032258064516,0.8460477941176471,0.0,0.0353553390593273,0.0297849785851823,0.0177038979733898,0.4,0.04,0.0716450216450216,0.1378968253968253,0.4594682917363407,0.045946829173634,0.0815803261866338,0.15541976242782,0.3166666666666666,0.025,0.0455298324863542,0.0907738095238095,0.4335469558917038,0.0353553390593273,0.0631762460709851,0.1219975936479203,0.5188049229353577,0.58,0.543489510809744,0.5274375504243383,0.0572245982870125,0.1418136492412176,0.089651969030251,0.066982545812408,models/RF_Model_PHM_C06_MS_NoNBD.mdl
0,0,0,SS,Simulated Dasic 2006 - simple (NT) state - NBD,data\Simulated_Dasic_2006_Tool_Wear_Model_Train.csv,models/RF_Model_Dasic_NoNBD.mdl,Dasic_SS_NT,Separate test set.,40,10,results/Fbeta,data\Simulated_Dasic_2006_Tool_Wear_Model_Test.csv,1,2,0.9933333333333334,0.6799999999999999,0.8056726933197522,0.9080025431225124,0.0210818510677892,0.0632455532033675,0.0439605681658752,0.0250932025307587,0.0,0.0,0.0,0.0,0.0,0.0,0.0,0.0,0.4960863697705802,0.975,0.6575297097214104,0.5501086445853888,0.0107105991472611,0.0353553390593273,0.0168663330022593,0.0125372134711228,0.5127381790036589,0.49,0.5002347952347952,0.5074305555555555,0.123219675732858,0.1264911064067351,0.1229699678388227,0.1225746575850765,models/RF_Model_Dasic_NoNBD.mdl
1,1,1,SS,Simulated Dasic 2006 - simple (NT) state - LBD,data\Simulated_Dasic_2006_Tool_Wear_Model_Train.csv,models/RF_Model_Dasic_LowNBD.mdl,Dasic_SS_NT,Separate test set.,40,10,results/Fbeta,data\Simulated_Dasic_2006_Tool_Wear_Model_Test.csv,1,2,0.952670807453416,0.965,0.9581389531247726,0.9547023809523808,0.0420985303567545,0.0241522945769824,0.0226268961314866,0.0335758810227149,0.4903665413533834,0.485,0.4839158132888783,0.4868814407304208,0.0984216085519169,0.1225878369895553,0.1021449188970583,0.0980183582095988,0.5,0.035,0.0649350649350649,0.1339285714285714,0.4714045207910317,0.0337474278855276,0.0620322806932313,0.1256831295567453,0.5940526748456819,0.5850000000000001,0.5852519884766056,0.5895516751766752,0.1000825520056539,0.0973253421377095,0.0795909358417915,0.0884670804335665,models/RF_Model_Dasic_LowNBD.mdl
2,2,2,SS,Simulated Dasic 2006 - simple (NT) state - HBD,data\Simulated_Dasic_2006_Tool_Wear_Model_Train.csv,models/RF_Model_Dasic_HighNBD.mdl,Dasic_SS_NT,Separate test set.,40,10,results/Fbeta,data\Simulated_Dasic_2006_Tool_Wear_Model_Test.csv,1,2,0.8488918690005647,0.975,0.9071448215237212,0.8711821782942473,0.0315031351510738,0.0263523138347365,0.0208645034945947,0.0266106224911951,0.3914393939393939,0.18,0.2430412213248214,0.3107600732600732,0.1521766075174594,0.0977525219907678,0.1228095367142549,0.1419625255669078,0.4985793485793485,0.97,0.6584996975196612,0.5522112738682506,0.0159828540670304,0.0483045891539648,0.0239345857903383,0.0183346276676332,0.6269727018468437,0.62,0.621103996957357,0.6239823330855939,0.083114524983854,0.1110555416597178,0.088934241168549,0.0824840121277264,models/RF_Model_Dasic_HighNBD.mdl
3,3,3,SS,PHM C01 simple (NT) NBD,data\PHM_Tool_Wear_Data_C01_0p12.csv,models/RF_Model_PHM_C01_SS_NoNBD.mdl,PHM_C01_SS_NT,Separate test set.,40,10,results/Fbeta,,100,70,0.8362944664031622,0.985,0.9040722843048424,0.8620518609742748,0.039884909574312,0.0241522945769824,0.0268099426386154,0.0346554119480731,0.48646960882255,0.3299999999999999,0.3920225529381126,0.4432014612064921,0.1433662672615995,0.105934990547138,0.120331147185876,0.1324188213942692,0.1666666666666666,0.015,0.0269151138716356,0.0520833333333333,0.3600411499115478,0.0337474278855276,0.0596953449973938,0.1125128593473586,0.575969993605005,0.6900000000000001,0.6248555501847673,0.5939915786794263,0.0695865563116396,0.1021980647783726,0.0708437491865433,0.0673263054758393,models/RF_Model_PHM_C01_SS_NoNBD.mdl
4,4,4,SS,PHM C01 simple (NT) LBD,data\PHM_Tool_Wear_Data_C01_0p12.csv,models/RF_Model_PHM_C01_SS_LowNBD.mdl,PHM_C01_SS_NT,Separate test set.,40,10,results/Fbeta,,100,70,0.916125792422232,0.86,0.8857960878820956,0.90337275948689,0.0319866433716659,0.0614636297152859,0.0355134435104936,0.0275583584310182,0.5230514645524004,0.615,0.5611924447423297,0.5368693802513242,0.0591208538669942,0.1055409346599171,0.0658692039470454,0.0583793084455492,0.4985042735042735,0.975,0.6595648604269294,0.552453240573632,0.0117488988028392,0.0485912657903775,0.020914929867936,0.0144170173813585,0.4801221001221001,0.325,0.3843364715957328,0.4351046253741771,0.0317101014540172,0.0716860438920218,0.0581149563601185,0.0424425296286802,models/RF_Model_PHM_C01_SS_LowNBD.mdl
5,5,5,SS,PHM C01 simple (NT) HBD,data\PHM_Tool_Wear_Data_C01_0p12.csv,models/RF_Model_PHM_C01_SS_HighNBD.mdl,PHM_C01_SS_NT,Separate test set.,40,10,results/Fbeta,,100,70,0.7488819747080616,0.89,0.8118737642791073,0.7725835896468196,0.0599191809828188,0.0394405318873307,0.038380244860501,0.0511349937715316,0.5005672616109754,0.48,0.4882190468048903,0.4951047983750382,0.0857366100952744,0.0856348838577675,0.0794114372135904,0.0816771229687986,0.4166666666666666,0.03,0.0550536420101637,0.1116071428571428,0.4664682117707407,0.034960294939005,0.062726973526101,0.1225610029822007,0.4994841269841269,0.22,0.3014824393358876,0.3923602133160956,0.1349214194914422,0.0888194172964948,0.1053370917226771,0.1177113541896168,models/RF_Model_PHM_C01_SS_HighNBD.mdl
6,6,6,SS,PHM C04 simple (NT) NBD,data\PHM_Tool_Wear_Data_C04_0p098.csv,models/RF_Model_PHM_C04_SS_NoNBD.mdl,PHM_C04_SS_NT,Separate test set.,40,10,results/Fbeta,,100,70,0.809395010786315,0.96,0.8773440403478135,0.83508868670159,0.0575034620588254,0.045946829173634,0.0442913365968237,0.0517324184686819,0.5198667711598747,0.655,0.5783168533522426,0.5415431482814359,0.0538257442262178,0.0724568837309471,0.0539514152097591,0.052777080706411,0.1031746031746031,0.035,0.051969741624914,0.0737283549783549,0.0909529811516988,0.0337474278855276,0.0485020473005081,0.0666938601457981,0.3333333333333333,0.085,0.1339560439560439,0.2070221445221445,0.255917617917356,0.0668746754924629,0.1024407566930153,0.1557635264443497,models/RF_Model_PHM_C04_SS_NoNBD.mdl
7,7,7,SS,PHM C04 simple (NT) LBD,data\PHM_Tool_Wear_Data_C04_0p098.csv,models/RF_Model_PHM_C04_SS_LowNBD.mdl,PHM_C04_SS_NT,Separate test set.,40,10,results/Fbeta,,100,70,0.7129161228299159,0.97,0.8211284673654173,0.7524755329500594,0.0497026090525086,0.034960294939005,0.0398640254464482,0.0461406689184654,0.4599603174603174,0.4,0.4250102569911148,0.4443615050315144,0.086707625535951,0.0816496580927726,0.0764810883590201,0.0793693268545532,0.2,0.015,0.0277056277056277,0.056547619047619,0.4216370213557839,0.0337474278855276,0.0618709480905586,0.1242656053184265,0.503054481413951,0.475,0.4859173817313351,0.4953463203463203,0.0804453908610686,0.1419115530493866,0.1099661262474331,0.0915930644684759,models/RF_Model_PHM_C04_SS_LowNBD.mdl
8,8,8,SS,PHM C04 simple (NT) HBD,data\PHM_Tool_Wear_Data_C04_0p098.csv,models/RF_Model_PHM_C04_SS_HighNBD.mdl,PHM_C04_SS_NT,Separate test set.,40,10,results/Fbeta,,100,70,0.8015520421607378,0.8800000000000001,0.8378515320943002,0.8154610683058958,0.0609650058829806,0.0752772652709081,0.0596483977539153,0.05881259885616,0.4986486486486486,0.975,0.6597680642283674,0.5526244588744589,0.0113065705411476,0.0353553390593273,0.0172253023482562,0.0130525571820344,0.5091767881241565,0.99,0.6724137931034482,0.5639314658210006,0.0138585095040155,0.0210818510677892,0.0154678907831695,0.0144526100690169,0.5497624798711755,0.625,0.5827930769977437,0.5620593944099379,0.0665654174526894,0.0790569415042094,0.0623115661013483,0.0629176631676872,models/RF_Model_PHM_C04_SS_HighNBD.mdl
9,9,9,SS,PHM C06 simple (NT) NBD,data\PHM_Tool_Wear_Data_C06_0p13.csv,models/RF_Model_PHM_C06_SS_NoNBD.mdl,PHM_C06_SS_NT,Separate test set.,40,10,results/Fbeta,,100,70,1.0,0.655,0.786800096382639,0.9001156383606075,0.0,0.1091634859587521,0.0799491380439551,0.0423584364938755,0.4631107738151082,0.4600000000000001,0.4601556265035084,0.461588940620987,0.0687397859379443,0.0809663853432741,0.0701973078621263,0.0681028467376805,0.4985136958821169,0.965,0.6573328411619347,0.5518389878854995,0.0156454743024649,0.0474341649025256,0.0241074977015261,0.0182276243843686,0.5286439473838855,0.575,0.5476834762298288,0.5354215307424489,0.0987304086625969,0.1111805338677194,0.0964722155947201,0.096164473580909,models/RF_Model_PHM_C06_SS_NoNBD.mdl
10,10,10,SS,PHM C06 simple (NT) LBD,data\PHM_Tool_Wear_Data_C06_0p13.csv,models/RF_Model_PHM_C06_SS_LowNBD.mdl,PHM_C06_SS_NT,Separate test set.,40,10,results/Fbeta,,100,70,0.971111111111111,0.875,0.9195411605937922,0.9495018115942032,0.0403006533592161,0.0824957911384305,0.0615475958212096,0.0479755472549093,0.5091099057342785,0.55,0.525779778706608,0.5150328856122466,0.084823542281579,0.1105541596785132,0.0851549565321719,0.0823878094932696,0.4987179487179487,0.985,0.6621274108708357,0.5533386187455955,0.0072775155409942,0.0241522945769824,0.0109299004007867,0.0082925836343881,0.4066522366522366,0.185,0.2497204676038674,0.3215068648456806,0.1440338614516426,0.1028753290800731,0.1196917243984824,0.1315419876329855,models/RF_Model_PHM_C06_SS_LowNBD.mdl
11,11,11,SS,PHM C06 simple (NT) HBD,data\PHM_Tool_Wear_Data_C06_0p13.csv,models/RF_Model_PHM_C06_SS_HighNBD.mdl,PHM_C06_SS_NT,Separate test set.,40,10,results/Fbeta,,100,70,0.6979242979242979,0.93,0.7968397574262515,0.7342985223781595,0.0408674902041422,0.0483045891539647,0.0384265373059916,0.0394752240817645,0.5202544194935499,0.605,0.5580927676727819,0.5344879842071165,0.0526687268779283,0.0797565740933693,0.0578561591705692,0.053020208800954,0.3,0.025,0.0458874458874458,0.0922619047619047,0.4216370213557839,0.0353553390593273,0.0646361566714893,0.1289300920340057,0.4293445443445443,0.295,0.3458732929919869,0.3899924289891395,0.1591474819083824,0.1383433731296475,0.1430783425328912,0.1503173666613123,models/RF_Model_PHM_C06_SS_HighNBD.mdl
12,12,12,MS,PHM C01 complex multi-variate state NBD,data\PHM_Tool_Wear_Data_C01_0p12.csv,models/RF_Model_PHM_C01_MS_NoNBD.mdl,PHM_C01_MS,Separate test set.,40,10,results/Fbeta,,100,70,0.8515560888386975,0.935,0.8884054752205632,0.8653957377233239,0.0947389243126741,0.0668746754924629,0.0676138373452401,0.0835457698476393,0.1,0.005,0.0095238095238095,0.0208333333333333,0.3162277660168379,0.0158113883008418,0.0301169300968416,0.0658807845868412,0.3,0.02,0.0372294372294372,0.0773809523809523,0.4830458915396479,0.034960294939005,0.0644102569856561,0.1310124922160252,0.5882936507936508,0.215,0.3008204439238922,0.4099338161838162,0.2056596511770867,0.1225878369895552,0.1323655600739336,0.1341693937485737,models/RF_Model_PHM_C01_MS_NoNBD.mdl
13,13,13,MS,PHM C04 complex multi-variate state NBD,data\PHM_Tool_Wear_Data_C04_0p098.csv,models/RF_Model_PHM_C04_MS_NoNBD.mdl,PHM_C04_MS,Separate test set.,40,10,results/Fbeta,,100,70,0.7753238621917111,0.735,0.7531835776083022,0.7659523809523809,0.1114261966340511,0.1131616346451196,0.107422299259756,0.108595137498628,0.4565656565656565,0.18,0.2506728969350843,0.3360129555901615,0.1221899856384526,0.0948683298050513,0.1120688113781323,0.1197245542465597,0.944047619047619,0.26,0.4052503052503052,0.6132478632478632,0.0939144123957081,0.0316227766016837,0.0349350050552155,0.0368320599848987,0.3755339105339105,0.135,0.1946087444874986,0.2695965492840492,0.1305509936800525,0.078351061823621,0.0995830842581913,0.1163087696428266,models/RF_Model_PHM_C04_MS_NoNBD.mdl
14,14,14,MS,PHM C06 complex multi-variate state NBD,data\PHM_Tool_Wear_Data_C06_0p13.csv,models/RF_Model_PHM_C06_MS_NoNBD.mdl,PHM_C06_MS,Separate test set.,40,10,results/Fbeta,,100,70,1.0,0.53,0.6903158391478748,0.8464781746031746,0.0,0.071492035298424,0.0593666048404284,0.0350318457723679,0.5128408447805731,0.575,0.5365434601266739,0.5207849852473264,0.05778642755949,0.1274754878398196,0.0741879700150668,0.0581980630828121,0.5012820512820513,0.985,0.664367816091954,0.5558565304204839,0.0143824802500636,0.0337474278855276,0.0193091033065449,0.0159094837199761,0.5195871220234038,0.7150000000000001,0.6001749768119117,0.5488019817360424,0.0321144698382094,0.0914391114956347,0.0490318180833112,0.0363593504632821,models/RF_Model_PHM_C06_MS_NoNBD.mdl
0,0,0,SS,Simulated Dasic 2006 - simple (NT) state - NBD,data\Simulated_Dasic_2006_Tool_Wear_Model_Train.csv,models/RF_Model_Dasic_NoNBD.mdl,Dasic_SS_NT,Separate test set.,40,10,results/Fbeta,data\Simulated_Dasic_2006_Tool_Wear_Model_Test.csv,1,2,1.0,0.655,0.7905310217928814,0.9037049578603372,0.0,0.0497214463005876,0.0373627578934704,0.0200783453440068,0.5401466021191086,0.515,0.5248401099984823,0.5333283657871364,0.1061557956283226,0.1434689281110489,0.1204415209134802,0.1105825379374555,0.2166666666666666,0.02,0.0360060229625446,0.0699404761904761,0.3689323936863109,0.034960294939005,0.0620180685056794,0.1173930154946351,0.5846336996336996,0.38,0.458649414311179,0.5258277433780529,0.0814419919071341,0.0856348838577675,0.085831389538496,0.0833070134281125,models/RF_Model_Dasic_NoNBD.mdl
1,1,1,SS,Simulated Dasic 2006 - simple (NT) state - LBD,data\Simulated_Dasic_2006_Tool_Wear_Model_Train.csv,models/RF_Model_Dasic_LowNBD.mdl,Dasic_SS_NT,Separate test set.,40,10,results/Fbeta,data\Simulated_Dasic_2006_Tool_Wear_Model_Test.csv,1,2,0.9608589655958076,0.945,0.9521450436598062,0.9571815000619348,0.0506566703539825,0.0497214463005876,0.0420311865693775,0.0454228103600993,0.3865223665223665,0.1699999999999999,0.2325217403809303,0.3027686129659813,0.0719963152430569,0.0421637021355783,0.0440257609809453,0.0484374291820961,0.2833333333333333,0.025,0.0435231435231435,0.0822510822510822,0.416110740246089,0.0353553390593273,0.0588133121844699,0.1068195768079349,0.4304761904761904,0.13,0.1954385163950381,0.2853681041181041,0.2101116093531807,0.0823272602348564,0.1136450380829629,0.1499513785092533,models/RF_Model_Dasic_LowNBD.mdl
2,2,2,SS,Simulated Dasic 2006 - simple (NT) state - HBD,data\Simulated_Dasic_2006_Tool_Wear_Model_Train.csv,models/RF_Model_Dasic_HighNBD.mdl,Dasic_SS_NT,Separate test set.,40,10,results/Fbeta,data\Simulated_Dasic_2006_Tool_Wear_Model_Test.csv,1,2,0.9031138121984804,0.965,0.9320912987560744,0.9142763024013024,0.0296651896156417,0.0474341649025257,0.023958726158971,0.0236510277878684,0.524943689146139,0.5,0.510311243657812,0.5184885947385947,0.1126447423460789,0.1178511301977579,0.111778389276131,0.1112149996702078,0.4986504723346828,0.985,0.6620494837327099,0.5532652102419544,0.0096532900287336,0.0337474278855276,0.0154937151579652,0.0113562108899243,0.4365476190476191,0.1399999999999999,0.2093638583638583,0.301486013986014,0.1031960447805642,0.0567646212197546,0.0742331527786638,0.0892350357505755,models/RF_Model_Dasic_HighNBD.mdl
3,3,3,SS,PHM C01 simple (NT) NBD,data\PHM_Tool_Wear_Data_C01_0p12.csv,models/RF_Model_PHM_C01_SS_NoNBD.mdl,PHM_C01_SS_NT,Separate test set.,40,10,results/Fbeta,,100,70,0.8793566425946289,0.96,0.9168576280969928,0.893750140344968,0.0465823406655309,0.0316227766016838,0.0240978141845508,0.0365941971221045,0.5111199770993624,0.665,0.5738653388411133,0.5335921327841987,0.0717918818522099,0.1375378735718517,0.0882154805428104,0.0741752398705094,0.4985100485100485,0.97,0.6584802157351297,0.5521588392227927,0.0201765530038799,0.0537483849886569,0.0294212885883615,0.0230541187667112,0.5089505309505309,0.61,0.5526610725747358,0.5251429016071645,0.0884102576695257,0.1329160135825125,0.1031328736918015,0.0929303781517068,models/RF_Model_PHM_C01_SS_NoNBD.mdl
4,4,4,SS,PHM C01 simple (NT) LBD,data\PHM_Tool_Wear_Data_C01_0p12.csv,models/RF_Model_PHM_C01_SS_LowNBD.mdl,PHM_C01_SS_NT,Separate test set.,40,10,results/Fbeta,,100,70,0.956861471861472,0.9549999999999998,0.9548066600505624,0.9557540145040144,0.0345777367153463,0.0437797517885456,0.0204830119672113,0.0241214181070497,0.5002475061170714,0.49,0.4924360457273939,0.496348764539554,0.0531858088002316,0.0737864787372621,0.0526772418046506,0.048583503835227,0.5064777327935223,0.985,0.6689265536723163,0.5609657622739018,0.0110289432307562,0.0241522945769824,0.0139962457569733,0.0119380098651886,0.5177414690572585,0.495,0.5026729807217613,0.5106127309791103,0.0543517934307645,0.089597867038104,0.0586255359145273,0.04960924068328,models/RF_Model_PHM_C01_SS_LowNBD.mdl
5,5,5,SS,PHM C01 simple (NT) HBD,data\PHM_Tool_Wear_Data_C01_0p12.csv,models/RF_Model_PHM_C01_SS_HighNBD.mdl,PHM_C01_SS_NT,Separate test set.,40,10,results/Fbeta,,100,70,0.8224016563146999,0.8949999999999999,0.8567260891878021,0.8357010582010581,0.0395059575874749,0.0283823106098773,0.0284520094511315,0.034528523203566,0.5200203790513858,0.76,0.6158415996463555,0.5542868974632412,0.0336797760621647,0.0809663853432741,0.0407131189371243,0.0341407642809821,0.4935222672064777,0.97,0.6541398792129358,0.5472677354944796,0.0092256116998238,0.034960294939005,0.0156664048894652,0.0111261425520854,0.3478039117745,0.21,0.257694672431226,0.3028777154647897,0.1207840331605665,0.0966091783079295,0.1029772035790223,0.109677118887566,models/RF_Model_PHM_C01_SS_HighNBD.mdl
6,6,6,SS,PHM C04 simple (NT) NBD,data\PHM_Tool_Wear_Data_C04_0p098.csv,models/RF_Model_PHM_C04_SS_NoNBD.mdl,PHM_C04_SS_NT,Separate test set.,40,10,results/Fbeta,,100,70,0.8584063617541877,0.975,0.9119474994659338,0.8788361191809468,0.0523771248125449,0.0263523138347365,0.0295752854075621,0.0432105936593617,0.5080351606667396,0.975,0.6678745373076174,0.5618057652941373,0.0140647126258349,0.0263523138347365,0.015604302703411,0.0145205350862454,0.25,0.02,0.0367965367965367,0.0744047619047618,0.4249182927993987,0.034960294939005,0.0639902402558202,0.1280107926643247,0.5324105652801305,0.575,0.5515019539773995,0.5395862309992745,0.0832087963695276,0.0889756521002609,0.079708509509343,0.0805939624200162,models/RF_Model_PHM_C04_SS_NoNBD.mdl
7,7,7,SS,PHM C04 simple (NT) LBD,data\PHM_Tool_Wear_Data_C04_0p098.csv,models/RF_Model_PHM_C04_SS_LowNBD.mdl,PHM_C04_SS_NT,Separate test set.,40,10,results/Fbeta,,100,70,0.7372646625405246,0.965,0.8353883413034993,0.7735282530698597,0.0220763299990779,0.0411636301174282,0.0212707884290157,0.0203366042052589,0.0333333333333333,0.005,0.008695652173913,0.015625,0.1054092553389459,0.0158113883008418,0.0274980666101598,0.0494105884401309,0.35,0.025,0.0463203463203463,0.0952380952380952,0.4743416490252569,0.0353553390593273,0.0649847493103655,0.1314624505831542,0.4137301587301586,0.125,0.1892243835347283,0.2775703463203463,0.1878538066106201,0.0485912657903775,0.0709638803735944,0.1075943960907267,models/RF_Model_PHM_C04_SS_LowNBD.mdl
8,8,8,SS,PHM C04 simple (NT) HBD,data\PHM_Tool_Wear_Data_C04_0p098.csv,models/RF_Model_PHM_C04_SS_HighNBD.mdl,PHM_C04_SS_NT,Separate test set.,40,10,results/Fbeta,,100,70,0.8425229070894705,0.8,0.8196881757408073,0.8329819023569025,0.0402350733043775,0.0666666666666667,0.0456534558188313,0.0394360896642229,0.0,0.0,0.0,0.0,0.0,0.0,0.0,0.0,0.4987179487179487,0.985,0.6621274108708357,0.5533386187455955,0.0072775155409942,0.0241522945769824,0.0109299004007867,0.008292583634388,0.4250747863247863,0.3299999999999999,0.3681835269993164,0.3991739231924653,0.1244386594131198,0.1316561177208766,0.1265992774951259,0.1243913267041503,models/RF_Model_PHM_C04_SS_HighNBD.mdl
9,9,9,SS,PHM C06 simple (NT) NBD,data\PHM_Tool_Wear_Data_C06_0p13.csv,models/RF_Model_PHM_C06_SS_NoNBD.mdl,PHM_C06_SS_NT,Separate test set.,40,10,results/Fbeta,,100,70,1.0,0.5549999999999999,0.7115802069639667,0.8592582866479926,0.0,0.0685160159703148,0.0566814880671417,0.033286602863155,0.4215419267122053,0.425,0.4193416103115727,0.4197037325386349,0.0774967170742662,0.1379412113103904,0.1012758456233793,0.0849736930372792,0.8534300177320773,0.955,0.900308672231531,0.8713534430129257,0.0251193525587415,0.0598609499868932,0.0297050821130608,0.0223796187154862,0.1416666666666666,0.02,0.0348155467720685,0.0629960317460317,0.1926504542711077,0.0258198889747161,0.0449821663797216,0.0818677818880069,models/RF_Model_PHM_C06_SS_NoNBD.mdl
10,10,10,SS,PHM C06 simple (NT) LBD,data\PHM_Tool_Wear_Data_C06_0p13.csv,models/RF_Model_PHM_C06_SS_LowNBD.mdl,PHM_C06_SS_NT,Separate test set.,40,10,results/Fbeta,,100,70,0.9902380952380953,0.945,0.9660992912533348,0.980181349447654,0.0205875524699867,0.0550252467307305,0.0281743710864208,0.0174482321515798,0.5264809290738924,0.655,0.5805783053974303,0.5462948369737163,0.0652276343551006,0.1442413101561253,0.0885852281389886,0.0713999170897688,0.4946675420359631,0.96,0.6528130671506351,0.5477354525319641,0.0140491287443862,0.045946829173634,0.0222058007006152,0.0164892487145561,0.6157443064182194,0.675,0.6410656970810119,0.6248823733737527,0.0377756579195308,0.1060660171779821,0.0652252093351599,0.0454226846152229,models/RF_Model_PHM_C06_SS_LowNBD.mdl
11,11,11,SS,PHM C06 simple (NT) HBD,data\PHM_Tool_Wear_Data_C06_0p13.csv,models/RF_Model_PHM_C06_SS_HighNBD.mdl,PHM_C06_SS_NT,Separate test set.,40,10,results/Fbeta,,100,70,0.7367403337403338,0.93,0.8205265186555659,0.7677912695503422,0.0686952123422831,0.0483045891539648,0.0479775959064385,0.0599602397201128,0.4775736466835537,0.38,0.4186495109075754,0.4503720238095237,0.0659678232402904,0.0888194172964948,0.0735335480834117,0.0651369689216853,0.990909090909091,0.47,0.6366015149107473,0.8098099816849818,0.0287479787288034,0.034960294939005,0.0315333770947323,0.023169461481636,0.3483333333333333,0.055,0.0916660006660006,0.1558621933621933,0.3109573032498907,0.0437797517885456,0.070771023469873,0.1155298438385201,models/RF_Model_PHM_C06_SS_HighNBD.mdl
12,12,12,MS,PHM C01 complex multi-variate state NBD,data\PHM_Tool_Wear_Data_C01_0p12.csv,models/RF_Model_PHM_C01_MS_NoNBD.mdl,PHM_C01_MS,Separate test set.,40,10,results/Fbeta,,100,70,0.8285437710437711,0.94,0.8790992735569798,0.8477288412417723,0.0724985700224709,0.06992058987801,0.0598357786766231,0.0661778506439036,0.4663492961287079,0.335,0.3872349426228736,0.4298420125626007,0.133120035093144,0.1225878369895553,0.1260690058107318,0.1283014010700744,0.4986504723346828,0.985,0.6620494837327099,0.5532652102419544,0.0096532900287336,0.0337474278855276,0.0154937151579652,0.0113562108899243,0.5090979935097583,0.345,0.4044348196618994,0.4587345239479191,0.1299547174152293,0.1039497741967511,0.1010388944590772,0.111018689018027,models/RF_Model_PHM_C01_MS_NoNBD.mdl
13,13,13,MS,PHM C04 complex multi-variate state NBD,data\PHM_Tool_Wear_Data_C04_0p098.csv,models/RF_Model_PHM_C04_MS_NoNBD.mdl,PHM_C04_MS,Separate test set.,40,10,results/Fbeta,,100,70,0.7397436047784345,0.67,0.7003171534792013,0.7226409203454398,0.072227338590716,0.0888194172964948,0.0709879791585364,0.0679274982632601,0.5272474747474748,0.1649999999999999,0.242795848224005,0.3480025183150182,0.1042774459926171,0.0883490552046571,0.1067662542733598,0.1121215500967125,0.4986504723346828,0.975,0.6597895967270602,0.5526338971106413,0.0128933069257458,0.0353553390593273,0.0187898083399113,0.0146999925203347,0.5059950512553405,0.735,0.5982007499549031,0.5390798700956434,0.0455305524403054,0.1055409346599171,0.0635410607480648,0.0510427860291058,models/RF_Model_PHM_C04_MS_NoNBD.mdl
14,14,14,MS,PHM C06 complex multi-variate state NBD,data\PHM_Tool_Wear_Data_C06_0p13.csv,models/RF_Model_PHM_C06_MS_NoNBD.mdl,PHM_C06_MS,Separate test set.,40,10,results/Fbeta,,100,70,1.0,0.44,0.6090438297334849,0.7939144189144189,0.0,0.0567646212197546,0.0583355004141035,0.0432590357598731,0.4805688334602405,0.73,0.5787585188533805,0.5154368735259671,0.0422879496569089,0.0823272602348564,0.051941973972172,0.0448419604029834,0.45,0.03,0.0558441558441558,0.1160714285714285,0.4972144630058766,0.034960294939005,0.0644183384723675,0.1312001624056476,0.5272259268079702,0.385,0.4402278926621031,0.4866729959440956,0.1139002884566676,0.0625832778517286,0.0622442512005634,0.0825561377067594,models/RF_Model_PHM_C06_MS_NoNBD.mdl
0,0,0,SS,Simulated Dasic 2006 - simple (NT) state - NBD,data\Simulated_Dasic_2006_Tool_Wear_Model_Train.csv,models/RF_Model_Dasic_NoNBD.mdl,Dasic_SS_NT,Separate test set.,40,10,results/Fbeta,data\Simulated_Dasic_2006_Tool_Wear_Model_Test.csv,1,2,1.0,0.5900000000000001,0.7401975159565292,0.8759083677330581,0.0,0.0658280588604383,0.0521280501492143,0.0293986094466331,0.5258610543826356,0.61,0.5621341341233083,0.5392367405778602,0.0775333085955759,0.0394405318873307,0.0508844024879247,0.0666137682007515,0.0191159717475506,0.02,0.0195300634325024,0.0192752849002848,0.032741268301681,0.034960294939005,0.0337728454070254,0.0331362276851213,0.346547619047619,0.09,0.1412829537612146,0.2169070512820513,0.2245978811984901,0.0516397779494322,0.0824434523735303,0.1309447589230608,models/RF_Model_Dasic_NoNBD.mdl
1,1,1,SS,Simulated Dasic 2006 - simple (NT) state - LBD,data\Simulated_Dasic_2006_Tool_Wear_Model_Train.csv,models/RF_Model_Dasic_LowNBD.mdl,Dasic_SS_NT,Separate test set.,40,10,results/Fbeta,data\Simulated_Dasic_2006_Tool_Wear_Model_Test.csv,1,2,0.9606349206349206,0.93,0.9440469372305058,0.9536740523968786,0.0380036376682878,0.0421637021355784,0.0236722705461583,0.0285027633198594,0.0,0.0,0.0,0.0,0.0,0.0,0.0,0.0,0.0558333333333333,0.025,0.0344991789819375,0.0447344322344322,0.0591499280791578,0.0263523138347364,0.0363826568292676,0.0472512535139809,0.2713095238095238,0.08,0.1224940984940984,0.1812451437451437,0.1933321360116181,0.0586893895388633,0.0879958241423028,0.1280784080754108,models/RF_Model_Dasic_LowNBD.mdl
2,2,2,SS,Simulated Dasic 2006 - simple (NT) state - HBD,data\Simulated_Dasic_2006_Tool_Wear_Model_Train.csv,models/RF_Model_Dasic_HighNBD.mdl,Dasic_SS_NT,Separate test set.,40,10,results/Fbeta,data\Simulated_Dasic_2006_Tool_Wear_Model_Test.csv,1,2,0.8814135140222097,0.985,0.9297559502324108,0.9000160519557072,0.0467441820732543,0.0241522945769824,0.0304121078782015,0.0401436425526513,0.5090456110172099,0.605,0.549052440334661,0.5235109143536911,0.0510047084110803,0.1165475582469805,0.0673284483666231,0.0527792594934311,0.35,0.03,0.0549783549783549,0.1101190476190475,0.4116363011742823,0.034960294939005,0.0638534252911757,0.1270848434912688,0.2583333333333333,0.055,0.0900836120401337,0.146780303030303,0.21477090866753,0.0497214463005876,0.0801468677903941,0.1273108146963217,models/RF_Model_Dasic_HighNBD.mdl
3,3,3,SS,PHM C01 simple (NT) NBD,data\PHM_Tool_Wear_Data_C01_0p12.csv,models/RF_Model_PHM_C01_SS_NoNBD.mdl,PHM_C01_SS_NT,Separate test set.,40,10,results/Fbeta,,100,70,0.9632034632034632,0.985,0.9730089764749584,0.9668698903753252,0.0418843442242423,0.0337474278855276,0.0214343464581697,0.0316658602187246,0.4737286138036972,0.6900000000000001,0.5609977935230036,0.5050448300701851,0.0587331168538743,0.1048808848170151,0.0743368224373809,0.06385796987411,0.5039136302294197,0.98,0.6654567453115547,0.5580944410886272,0.0124618640562121,0.034960294939005,0.0167034385579345,0.0135944154788352,0.4679753062031969,0.38,0.4145846571609445,0.4434726103360004,0.1208283785240236,0.1456784892227477,0.1282157481985121,0.1213040652531513,models/RF_Model_PHM_C01_SS_NoNBD.mdl
4,4,4,SS,PHM C01 simple (NT) LBD,data\PHM_Tool_Wear_Data_C01_0p12.csv,models/RF_Model_PHM_C01_SS_LowNBD.mdl,PHM_C01_SS_NT,Separate test set.,40,10,results/Fbeta,,100,70,0.8915518869637863,0.885,0.8871464914959855,0.8895197284599459,0.0615734151119867,0.0625832778517286,0.0528532918352622,0.0560693796950847,0.5289774961021091,0.94,0.6765009614631229,0.5794740985187145,0.0276929088071671,0.045946829173634,0.0289506010486007,0.0279385684818533,0.505264981580771,0.98,0.6666471848821353,0.5594252323903486,0.0092032667003837,0.0258198889747161,0.0108140771446205,0.0094697801989271,0.4241957552251669,0.3,0.3487733085604602,0.3893305142943385,0.0931165497641945,0.097182531580755,0.0929668096891905,0.0908992277416148,models/RF_Model_PHM_C01_SS_LowNBD.mdl
5,5,5,SS,PHM C01 simple (NT) HBD,data\PHM_Tool_Wear_Data_C01_0p12.csv,models/RF_Model_PHM_C01_SS_HighNBD.mdl,PHM_C01_SS_NT,Separate test set.,40,10,results/Fbeta,,100,70,0.7373044363044363,0.95,0.8298376690120447,0.7716565596875317,0.0290262848651113,0.0333333333333333,0.0249348105574589,0.0269094233881862,0.5,1.0,0.6666666666666666,0.5555555555555556,0.0,0.0,0.0,0.0,0.6525883256528417,0.985,0.784892156862745,0.6997474747474747,0.015747569717328,0.0241522945769824,0.014799444561023,0.0150606254858789,0.5053617536051241,0.475,0.486236381379603,0.496461830653007,0.0773708035662212,0.1207614728849119,0.0951519368897641,0.0822162368722531,models/RF_Model_PHM_C01_SS_HighNBD.mdl
6,6,6,SS,PHM C04 simple (NT) NBD,data\PHM_Tool_Wear_Data_C04_0p098.csv,models/RF_Model_PHM_C04_SS_NoNBD.mdl,PHM_C04_SS_NT,Separate test set.,40,10,results/Fbeta,,100,70,0.9198136645962732,0.955,0.9366817923993191,0.9264010989010988,0.0580010602738644,0.0437797517885456,0.0475402538251812,0.0533788451633878,0.48744325849589,0.52,0.498184328871892,0.4903396116202011,0.0743340918751776,0.1229272594305718,0.0869814015000704,0.0750258631572027,0.6460483870967741,0.985,0.7802171945701357,0.6937580437580436,0.0156551502186778,0.0241522945769824,0.0169027587470944,0.0159319423644238,0.4931725481261084,0.425,0.4523804876845923,0.474585794058048,0.1016373843814551,0.1160699023098676,0.1050284351576469,0.1005259565517925,models/RF_Model_PHM_C04_SS_NoNBD.mdl
7,7,7,SS,PHM C04 simple (NT) LBD,data\PHM_Tool_Wear_Data_C04_0p098.csv,models/RF_Model_PHM_C04_SS_LowNBD.mdl,PHM_C04_SS_NT,Separate test set.,40,10,results/Fbeta,,100,70,0.7576980056980057,0.98,0.8543400704547791,0.7935573669818317,0.0339050246732158,0.0258198889747161,0.0275054727118278,0.0314358123914357,0.5303670631278654,0.5599999999999999,0.5420839190341683,0.5344138530551574,0.0816417405742087,0.1048808848170151,0.0805360215848917,0.0784373616604249,0.4948024948024948,0.965,0.6539972813389405,0.5481590733115123,0.0067129318949967,0.0411636301174282,0.0138445135834303,0.0084313636823181,0.5550928724586013,0.545,0.5462350291741682,0.5506301857864357,0.0885733390133341,0.1234908903522847,0.093645284314915,0.0871410337815446,models/RF_Model_PHM_C04_SS_LowNBD.mdl
8,8,8,SS,PHM C04 simple (NT) HBD,data\PHM_Tool_Wear_Data_C04_0p098.csv,models/RF_Model_PHM_C04_SS_HighNBD.mdl,PHM_C04_SS_NT,Separate test set.,40,10,results/Fbeta,,100,70,0.7588917113756258,0.78,0.7672069179483276,0.7617113411950368,0.0424114477678711,0.0788810637746615,0.0478349732507191,0.0402663008321963,0.4461079906617664,0.385,0.4083722595586126,0.4285602813779974,0.063819951049382,0.1248332220738267,0.0954440372417126,0.0755285279278851,0.3,0.02,0.0372294372294372,0.0773809523809523,0.4830458915396479,0.034960294939005,0.0644102569856561,0.1310124922160252,0.5407142857142857,0.125,0.187063492063492,0.2787393162393162,0.32265287118426,0.1160699023098676,0.1514850764353361,0.1803847523450375,models/RF_Model_PHM_C04_SS_HighNBD.mdl
9,9,9,SS,PHM C06 simple (NT) NBD,data\PHM_Tool_Wear_Data_C06_0p13.csv,models/RF_Model_PHM_C06_SS_NoNBD.mdl,PHM_C06_SS_NT,Separate test set.,40,10,results/Fbeta,,100,70,0.9875,0.53,0.6860607646840716,0.8377436627485002,0.0395284707521047,0.0977525219907678,0.0896219360545958,0.0681454109664747,0.4900921688278667,0.495,0.4909174220312531,0.4900566680945242,0.0883982315988098,0.0926462807312486,0.0842658313806481,0.0853982074974934,0.3333333333333333,0.02,0.0372670807453416,0.0781249999999999,0.4714045207910317,0.0258198889747161,0.0481709547732647,0.101973438580475,0.2942857142857142,0.055,0.0912519396867222,0.1529265873015872,0.2426526787393251,0.0437797517885456,0.0724700914834479,0.1216113320910083,models/RF_Model_PHM_C06_SS_NoNBD.mdl
10,10,10,SS,PHM C06 simple (NT) LBD,data\PHM_Tool_Wear_Data_C06_0p13.csv,models/RF_Model_PHM_C06_SS_LowNBD.mdl,PHM_C06_SS_NT,Separate test set.,40,10,results/Fbeta,,100,70,0.9306934001670844,0.795,0.8553530334335289,0.898330992996325,0.0495178576151087,0.0864420165325995,0.0622139690443659,0.0499437532781557,0.5185025873291128,0.875,0.650785729905482,0.5643504351965184,0.0340415702103835,0.0540061724867321,0.0388260145985437,0.0356006903645826,0.2,0.02,0.0352813852813852,0.0664682539682539,0.3496029493900505,0.034960294939005,0.0602446621872843,0.1096817309061368,0.3789033189033189,0.17,0.2322319880815431,0.3006255998903057,0.1383108088583519,0.0948683298050513,0.1149479098172099,0.1294118076457991,models/RF_Model_PHM_C06_SS_LowNBD.mdl
11,11,11,SS,PHM C06 simple (NT) HBD,data\PHM_Tool_Wear_Data_C06_0p13.csv,models/RF_Model_PHM_C06_SS_HighNBD.mdl,PHM_C06_SS_NT,Separate test set.,40,10,results/Fbeta,,100,70,0.6794106457149935,0.89,0.7698406846686863,0.7127797683753955,0.0634541633810925,0.0567646212197546,0.0571513631714939,0.0608882708617309,0.5,1.0,0.6666666666666666,0.5555555555555556,0.0,0.0,0.0,0.0,0.6,0.035,0.0658008658008657,0.1398809523809523,0.4594682917363407,0.0241522945769824,0.0454396549054062,0.0972525867710513,0.3951515151515151,0.18,0.2445995988623908,0.3148236261287732,0.1142402460394041,0.071492035298424,0.0880007651389252,0.1014091884117518,models/RF_Model_PHM_C06_SS_HighNBD.mdl
12,12,12,MS,PHM C01 complex multi-variate state NBD,data\PHM_Tool_Wear_Data_C01_0p12.csv,models/RF_Model_PHM_C01_MS_NoNBD.mdl,PHM_C01_MS,Separate test set.,40,10,results/Fbeta,,100,70,0.8310825977988449,0.875,0.8518397399537502,0.839120879120879,0.060427571402403,0.0540061724867321,0.0514458310688823,0.0558574204822961,0.6047619047619047,0.13,0.2095616139094399,0.337143759018759,0.2270451688373171,0.0856348838577675,0.1261253515024399,0.1742076619469272,0.2833333333333333,0.03,0.0533973273103707,0.1011904761904761,0.3853009085422156,0.0421637021355784,0.0740221478412839,0.1367105247363791,0.4626174315880198,0.275,0.3372755742583329,0.3982375467669585,0.1283426309677216,0.1317615691736824,0.1358843061134145,0.1328009347484177,models/RF_Model_PHM_C01_MS_NoNBD.mdl
13,13,13,MS,PHM C04 complex multi-variate state NBD,data\PHM_Tool_Wear_Data_C04_0p098.csv,models/RF_Model_PHM_C04_MS_NoNBD.mdl,PHM_C04_MS,Separate test set.,40,10,results/Fbeta,,100,70,0.7312531328320802,0.6950000000000001,0.7102654619663605,0.7220305781175347,0.111735221203648,0.1141392911217595,0.1020977371914001,0.1043224719542842,0.5181818181818182,0.25,0.3335674406238921,0.4213704494035376,0.1491481782099965,0.0849836585598797,0.1050093665208788,0.1240321170705826,0.4973665973665973,0.965,0.6563392701508299,0.5507158377797913,0.0101931060476538,0.0337474278855276,0.0156925807071321,0.0117683700146019,0.5074516986281692,0.4599999999999999,0.479715768120635,0.4953090154352426,0.0733989226770318,0.0774596669241483,0.0638977323390482,0.0669593032980273,models/RF_Model_PHM_C04_MS_NoNBD.mdl
14,14,14,MS,PHM C06 complex multi-variate state NBD,data\PHM_Tool_Wear_Data_C06_0p13.csv,models/RF_Model_PHM_C06_MS_NoNBD.mdl,PHM_C06_MS,Separate test set.,40,10,results/Fbeta,,100,70,1.0,0.52,0.6835743418613274,0.8433779761904763,0.0,0.034960294939005,0.0307405179871718,0.0190544963712857,0.4333333333333333,0.075,0.1275362318840579,0.2204861111111111,0.1956312984628778,0.0353553390593273,0.0592846336488596,0.1005846304139673,0.4974358974358974,0.98,0.6598870056497175,0.5517676767676767,0.0101129568941873,0.0258198889747161,0.0142927803849418,0.0114103044711498,0.4829469507101086,0.475,0.4775754412468148,0.4804387469726675,0.0939295025214105,0.1296362432175337,0.1109857292950583,0.100599164288217,models/RF_Model_PHM_C06_MS_NoNBD.mdl
0,0,0,SS,Simulated Dasic 2006 - simple (NT) state - NBD,data\Simulated_Dasic_2006_Tool_Wear_Model_Train.csv,models/RF_Model_Dasic_NoNBD.mdl,Dasic_SS_NT,Separate test set.,40,10,results/Fbeta,data\Simulated_Dasic_2006_Tool_Wear_Model_Test.csv,1,2,1.0,0.65,0.7867431430050026,0.9016624742002064,0.0,0.0527046276694729,0.0395193767134527,0.0211911698704972,0.0,0.0,0.0,0.0,0.0,0.0,0.0,0.0,0.5026315789473684,0.99,0.6666861484511981,0.5575008809020436,0.0102848313118711,0.0210818510677892,0.0120137495765655,0.0107950859159254,0.2166666666666666,0.04,0.0664822134387351,0.1116071428571428,0.2007701222176961,0.0394405318873307,0.0639344187592234,0.1036979249415735,models/RF_Model_Dasic_NoNBD.mdl
1,1,1,SS,Simulated Dasic 2006 - simple (NT) state - LBD,data\Simulated_Dasic_2006_Tool_Wear_Model_Train.csv,models/RF_Model_Dasic_LowNBD.mdl,Dasic_SS_NT,Separate test set.,40,10,results/Fbeta,data\Simulated_Dasic_2006_Tool_Wear_Model_Test.csv,1,2,0.9086847058357356,0.965,0.934875346812386,0.9187369128317404,0.0481554492567979,0.0411636301174282,0.0299931698602072,0.0391943689797169,0.5008377230784352,0.44,0.4659949775006786,0.4855438579980914,0.1224568557948509,0.1449137674618944,0.1329177921603087,0.1261965165757694,0.35,0.025,0.0463203463203463,0.0952380952380952,0.4743416490252569,0.0353553390593273,0.0649847493103655,0.1314624505831543,0.25,0.04,0.0685111989459815,0.1202876984126984,0.1924500897298752,0.0316227766016837,0.0534141010151698,0.0920020407071608,models/RF_Model_Dasic_LowNBD.mdl
2,2,2,SS,Simulated Dasic 2006 - simple (NT) state - HBD,data\Simulated_Dasic_2006_Tool_Wear_Model_Train.csv,models/RF_Model_Dasic_HighNBD.mdl,Dasic_SS_NT,Separate test set.,40,10,results/Fbeta,data\Simulated_Dasic_2006_Tool_Wear_Model_Test.csv,1,2,0.90309053265575,0.97,0.9349315290495096,0.915473137973138,0.0311226111036048,0.034960294939005,0.0257885357407725,0.0277139555767836,0.5135776221243646,0.5349999999999999,0.5212299742078528,0.5159214707706087,0.1103084818353895,0.0883490552046571,0.0903426576251267,0.1005214649802928,0.4166666666666666,0.03,0.0550536420101637,0.1116071428571428,0.4664682117707407,0.034960294939005,0.062726973526101,0.1225610029822007,0.3959235209235209,0.125,0.1870124995007714,0.2702791999666999,0.1525961318638906,0.0424918292799398,0.0642723221890943,0.0970233956273385,models/RF_Model_Dasic_HighNBD.mdl
3,3,3,SS,PHM C01 simple (NT) NBD,data\PHM_Tool_Wear_Data_C01_0p12.csv,models/RF_Model_PHM_C01_SS_NoNBD.mdl,PHM_C01_SS_NT,Separate test set.,40,10,results/Fbeta,,100,70,0.8365868728694815,0.99,0.905661754373573,0.862686527233941,0.0705274963807443,0.0210818510677892,0.045863150632809,0.0614557389971499,0.0,0.0,0.0,0.0,0.0,0.0,0.0,0.0,0.0985714285714285,0.03,0.0458917378917378,0.0674242424242424,0.1094444156681247,0.034960294939005,0.0527455495989174,0.0762358639242094,0.544645542308211,0.6900000000000001,0.6074343401512894,0.5678968144354011,0.076039499961834,0.1100504934614611,0.0850422939190702,0.0783279776348771,models/RF_Model_PHM_C01_SS_NoNBD.mdl
4,4,4,SS,PHM C01 simple (NT) LBD,data\PHM_Tool_Wear_Data_C01_0p12.csv,models/RF_Model_PHM_C01_SS_LowNBD.mdl,PHM_C01_SS_NT,Separate test set.,40,10,results/Fbeta,,100,70,0.9003311587793013,0.85,0.8732449334888359,0.8889681152181153,0.0434462755912006,0.0666666666666666,0.0470894334128896,0.0413894134246089,0.5831873913123913,0.76,0.6585052474506684,0.6109118024701312,0.0774694563135266,0.0658280588604383,0.0690377426464145,0.0742741225304682,0.01,0.005,0.0066666666666666,0.0083333333333333,0.0316227766016838,0.0158113883008419,0.0210818510677891,0.0263523138347364,0.5510482654600302,0.465,0.5004246077930288,0.5285710364514713,0.1222894070394346,0.1375378735718517,0.118802291468558,0.1174624995258086,models/RF_Model_PHM_C01_SS_LowNBD.mdl
5,5,5,SS,PHM C01 simple (NT) HBD,data\PHM_Tool_Wear_Data_C01_0p12.csv,models/RF_Model_PHM_C01_SS_HighNBD.mdl,PHM_C01_SS_NT,Separate test set.,40,10,results/Fbeta,,100,70,0.7504678558156819,0.94,0.8339749320757432,0.7816676681100694,0.0348314816053799,0.0316227766016837,0.0239744454629557,0.0301597408165047,0.4868562951496388,0.42,0.4503640077324288,0.471392104272539,0.0794071708248015,0.0823272602348564,0.0799063715902907,0.0791919768176793,0.2333333333333333,0.015,0.027743271221532,0.0572916666666666,0.4172218523448575,0.0241522945769824,0.0447277384248471,0.093331111498025,0.3688492063492063,0.155,0.2124776262662319,0.2793181695755225,0.2055391481879053,0.1091634859587521,0.1378118488045495,0.166770467355763,models/RF_Model_PHM_C01_SS_HighNBD.mdl
6,6,6,SS,PHM C04 simple (NT) NBD,data\PHM_Tool_Wear_Data_C04_0p098.csv,models/RF_Model_PHM_C04_SS_NoNBD.mdl,PHM_C04_SS_NT,Separate test set.,40,10,results/Fbeta,,100,70,0.8623072998702289,0.96,0.9065731520637932,0.8790572853072852,0.0655339581799282,0.0394405318873307,0.0339971920940259,0.0520444515946366,0.5432174578295268,0.6900000000000001,0.6021629415483998,0.5641306221928823,0.0425030986186591,0.154200446749605,0.0834707541333017,0.0540664351533474,0.316871921182266,0.45,0.371782819510783,0.3367531671759612,0.0202336954575081,0.0333333333333333,0.0244870713679804,0.0216125963509215,0.62,0.08,0.1370739695087521,0.2448908730158729,0.3352537273892642,0.053748384988657,0.0850850121234977,0.1326062427423367,models/RF_Model_PHM_C04_SS_NoNBD.mdl
7,7,7,SS,PHM C04 simple (NT) LBD,data\PHM_Tool_Wear_Data_C04_0p098.csv,models/RF_Model_PHM_C04_SS_LowNBD.mdl,PHM_C04_SS_NT,Separate test set.,40,10,results/Fbeta,,100,70,0.7046706805327495,0.985,0.8212389636705746,0.747037735548765,0.0323669998555412,0.0241522945769824,0.0264122080663024,0.0303297319709248,0.4384441175402274,0.4600000000000001,0.4461102957642492,0.440783146843806,0.0557203505722517,0.0843274042711567,0.056942356903428,0.0521674498216757,0.5014188277346172,0.97,0.6609153655617711,0.5549745285281303,0.0114684891945997,0.034960294939005,0.0145988046744798,0.0120980604658281,0.4835347985347985,0.3,0.3668290811622454,0.4270819866408101,0.11354400327129,0.0781735959970571,0.0846381299149702,0.0946476511305854,models/RF_Model_PHM_C04_SS_LowNBD.mdl
8,8,8,SS,PHM C04 simple (NT) HBD,data\PHM_Tool_Wear_Data_C04_0p098.csv,models/RF_Model_PHM_C04_SS_HighNBD.mdl,PHM_C04_SS_NT,Separate test set.,40,10,results/Fbeta,,100,70,0.7078676434168425,0.745,0.7251657597460206,0.7145080382580382,0.0451144984825186,0.0864420165325996,0.0630809767288412,0.0515124871052224,0.4364969417718778,0.465,0.4473898985340018,0.4400669582321149,0.0896285707582881,0.1434689281110489,0.1135438381686851,0.0984522862067897,0.3666666666666666,0.025,0.0459627329192546,0.0937499999999999,0.4830458915396479,0.0353553390593273,0.0635355568617076,0.1247103124726942,0.4612354312354312,0.215,0.2890782143329418,0.3690566378066378,0.2012901473143564,0.1203005495507906,0.1484614920957886,0.1734767952093892,models/RF_Model_PHM_C04_SS_HighNBD.mdl
9,9,9,SS,PHM C06 simple (NT) NBD,data\PHM_Tool_Wear_Data_C06_0p13.csv,models/RF_Model_PHM_C06_SS_NoNBD.mdl,PHM_C06_SS_NT,Separate test set.,40,10,results/Fbeta,,100,70,1.0,0.6900000000000001,0.8136698698618204,0.9150130494608218,0.0,0.0906764700582362,0.0601116911342686,0.0294019312066877,0.5196272411375386,0.545,0.5286494633925557,0.5223960130549804,0.0715197528841594,0.1300640867675111,0.0945342775264623,0.0786634231634665,0.5053324579640368,0.98,0.6667251120202611,0.5594986408939897,0.0140491287443861,0.0258198889747161,0.0161180422409095,0.0147059330023914,0.5359003807649525,0.755,0.6259601350443164,0.5684920318207202,0.0311033235864599,0.0955975359979998,0.0523431687858122,0.0378063204697971,models/RF_Model_PHM_C06_SS_NoNBD.mdl
10,10,10,SS,PHM C06 simple (NT) LBD,data\PHM_Tool_Wear_Data_C06_0p13.csv,models/RF_Model_PHM_C06_SS_LowNBD.mdl,PHM_C06_SS_NT,Separate test set.,40,10,results/Fbeta,,100,70,0.977777777777778,0.835,0.8982075297864771,0.9434563021519544,0.03884477215445,0.0883490552046571,0.0576534322361058,0.0389897128697625,0.4426437451437451,0.415,0.4258749145591251,0.4350707979343661,0.0771190222619154,0.1055409346599171,0.0865570361354806,0.0789802660698942,0.498652296020717,0.975,0.6597311513734658,0.5526129232524581,0.0144461630297174,0.0424918292799398,0.0210874157101083,0.0163884097915146,0.3776984126984127,0.145,0.2050504906277019,0.2770375457875457,0.1610336387697635,0.0685160159703148,0.0876758542056622,0.1070588178433554,models/RF_Model_PHM_C06_SS_LowNBD.mdl
11,11,11,SS,PHM C06 simple (NT) HBD,data\PHM_Tool_Wear_Data_C06_0p13.csv,models/RF_Model_PHM_C06_SS_HighNBD.mdl,PHM_C06_SS_NT,Separate test set.,40,10,results/Fbeta,,100,70,0.7135077820729995,0.905,0.7967728588822321,0.7444293939514324,0.0562537341211184,0.0283823106098773,0.0380028095486276,0.0494911805519829,0.472001879699248,0.37,0.4132496588378941,0.4461137218045112,0.0875563316542391,0.0856348838577675,0.0831737292218202,0.0843904888459988,0.5054111804111804,0.975,0.6655777740669617,0.5592272084756486,0.0128376139883839,0.0263523138347365,0.013607325991405,0.0129649019435475,0.4791666666666667,0.125,0.1883697192917582,0.2781246531246531,0.2884739137540926,0.0920446751432271,0.1267619099115084,0.1631488138965915,models/RF_Model_PHM_C06_SS_HighNBD.mdl
12,12,12,MS,PHM C01 complex multi-variate state NBD,data\PHM_Tool_Wear_Data_C01_0p12.csv,models/RF_Model_PHM_C01_MS_NoNBD.mdl,PHM_C01_MS,Separate test set.,40,10,results/Fbeta,,100,70,0.8352970073404856,0.905,0.8678978382807084,0.8478627391127391,0.0342335320703202,0.0497214463005876,0.0313999191030138,0.0309191680311372,0.5334358623832308,0.365,0.4223974947473843,0.4777912721812893,0.07828534391068,0.1434689281110489,0.1158319724616386,0.0906707634217929,0.2333333333333333,0.015,0.027743271221532,0.0572916666666666,0.4172218523448575,0.0241522945769824,0.0447277384248471,0.093331111498025,0.4877095453566042,0.35,0.4026837226837226,0.4472548285048285,0.1302011948313122,0.1333333333333333,0.1348623361420522,0.1328084858775397,models/RF_Model_PHM_C01_MS_NoNBD.mdl
13,13,13,MS,PHM C04 complex multi-variate state NBD,data\PHM_Tool_Wear_Data_C04_0p098.csv,models/RF_Model_PHM_C04_MS_NoNBD.mdl,PHM_C04_MS,Separate test set.,40,10,results/Fbeta,,100,70,0.7672911539784605,0.645,0.6957791722554239,0.735259993452129,0.0956948858164476,0.089597867038104,0.0666978436438356,0.0727397032138511,0.4930426351142463,0.385,0.4278966033873694,0.4633508570892471,0.0868333238716657,0.085146931829632,0.0694747326281148,0.0734768201106848,0.4985775248933143,0.965,0.6573892358013678,0.5519019094600489,0.0181759427222261,0.0474341649025256,0.0261052663097155,0.0206359566690331,0.4821532195874301,0.39,0.4290865068883644,0.4587344720496894,0.0723277378602243,0.0906764700582363,0.079945509459033,0.0741512098532178,models/RF_Model_PHM_C04_MS_NoNBD.mdl
14,14,14,MS,PHM C06 complex multi-variate state NBD,data\PHM_Tool_Wear_Data_C06_0p13.csv,models/RF_Model_PHM_C06_MS_NoNBD.mdl,PHM_C06_MS,Separate test set.,40,10,results/Fbeta,,100,70,1.0,0.44,0.6094873198321474,0.794757326007326,0.0,0.0516397779494322,0.0503384521316266,0.0348876611919885,0.5,1.0,0.6666666666666666,0.5555555555555556,0.0,0.0,0.0,0.0,0.4958055221213116,0.955,0.6526510607318998,0.5485272156783785,0.0226703010037809,0.0598609499868932,0.0332496467222233,0.0259947959706075,0.4974886224886224,0.215,0.295362589661811,0.3865292693417693,0.1923312951609889,0.1001387925719986,0.1265029413239589,0.1547823658344518,models/RF_Model_PHM_C06_MS_NoNBD.mdl
